,Method,Recall Score (Validation),Recall Score (Test)
0,No Upsampling (Baseline),0.1802999826064513,0.1652892561983471
1,Upsample Training Data before CV,0.9954022988505746,0.3884297520661157
2,Upsample within CV,0.4417616298316192,0.371900826446281
